{
  "project_info": {
    "project_number": "1015667527714",
    "project_id": "smart-medic-home",
    "storage_bucket": "smart-medic-home.appspot.com"
  },
  "client": [
    {
      "client_info": {
        "mobilesdk_app_id": "1:1015667527714:android:995aa09db934ae00f0ba7b",
        "android_client_info": {
          "package_name": "com.example.smartmedichome"
        }
      },
      "oauth_client": [
        {
          "client_id": "1015667527714-esg4o1nd5ei02skk4d4m9ga0spegvdq3.apps.googleusercontent.com",
          "client_type": 3
        }
      ],
      "api_key": [
        {
          "current_key": "AIzaSyAfkS5PMUecbMQyk6vettYNsFskrAed1ms"
        }
      ],
      "services": {
        "appinvite_service": {
          "other_platform_oauth_client": [
            {
              "client_id": "1015667527714-esg4o1nd5ei02skk4d4m9ga0spegvdq3.apps.googleusercontent.com",
              "client_type": 3
            }
          ]
        }
      }
    }
  ],
  "configuration_version": "1"
}